{
  "LogisticRegression": {
    "accuracy": 0.9592666666666667,
    "precision": 0.9576692622391684,
    "recall": 0.9559651039416378,
    "f1_score": 0.956590481745402
  },
  "RandomForest": {
    "accuracy": 0.9518666666666666,
    "precision": 0.9535771536253761,
    "recall": 0.9448032626105939,
    "f1_score": 0.9481835746422741
  }
}