{
  "model": "BiLSTM (Supervised)",
  "accuracy": 0.9154229164123535,
  "precision": 0.9190340830552884,
  "recall": 0.9137208386856264,
  "f1_score": 0.9088799775061157,
  "loss": 0.22160270810127258,
  "num_parameters": 81446,
  "embedding_dim": 32
}